1-item-one,1-item-two
4.669046011550838,5.553463046064379
0.5900901029058263,11.593249780898747
8.941893700898326,4.138462045266572
6.183180068282782,4.479246632530592
5.889072506427555,8.5142097364087
0.961497574830351,11.920707791669088
0.41784679492906807,14.198976536376275
6.963300187497287,7.902371166290091
9.962343215110089,2.7753775189813905
2.0941017028846924,14.230753293847194
1.1773575828873732,15.119873031039617
8.395287047909735,4.528400876408406
7.203529727171079,4.807313815273807
7.183016971345047,8.600642849665501
0.5455334459364677,14.843805804252865
3.3000747888324504,10.392814794863112
2.7879278363406708,11.473609349465708
1.5560188314347478,14.094032274937891
2.899374753905226,10.188639365721613
0.9494941513591328,13.465303193274185
7.703723756847776,7.751276420219783
0.8492651587576285,13.193021298097056
6.635053461335199,6.716346746901218
4.433992049535144,8.190485118995804
5.485255172580807,8.422048097029474
9.072952893593824,1.894166855374638
1.896694424983298,9.598036110234862
6.626514363785493,6.58601117129396
8.798796346959781,4.956882207652448
4.4035315300825415,8.178949359730366
0.9236413025193404,15.501684057145127
1.924491191914387,13.67593486175483
7.088373077840084,4.589282167693275
1.0081962773289552,13.624038721969
6.393985073144789,4.925187459364412
2.4341647087657945,8.748556232595153
7.251635852801034,7.648159211233175
0.9762723706632197,10.691998217966116
0.24557101036256923,11.623967959776916
4.008554157318334,11.00763684653624
3.045400264021027,12.562759572100983
4.332521993727503,7.427313633298931
7.684850896962118,3.4627198127902927
5.706890087108505,9.391212673516975
9.853984902244523,5.049588783049323
9.171687383281148,6.433047748257396
9.674728440008906,2.833970530408375
2.0338347790598696,8.578564399681767
5.617274310927307,10.564402626980417
8.115281593603664,4.664805298720449
0.11892131366850375,11.72863291601427
8.724061473902221,4.014611606632856
2.166195494491094,9.862609008795616
9.667120560262784,4.591410201390356
3.036563262220386,12.187877302294392
9.79890727757719,5.356537164822037
6.537691268144958,8.282149106928895
5.376021455942478,9.054664788611586
3.4121245991537803,8.660552724611522
6.309328937448468,7.012838776136753
7.093605024183591,5.8575097564250225
4.454768755758595,9.071014543310428
5.1859510988308335,5.560011393355148
6.3265951536029394,8.149633289586411
1.472939061604274,13.257662445698399
6.175107705951888,6.778335541140818
5.695602098527716,4.966324056447781
6.874453173973879,9.396776424473114
9.239328471900178,3.9307146319236512
2.9512910513657555,10.450197512127225
0.8122181979784782,11.161374344427045
1.9337058573459307,12.327092108254195
2.0203208276038724,9.98107609036939
2.58416300058762,10.352101036165424
5.344542108155697,11.490267367473146
0.5573885537676344,12.180753576081333
8.568785382316143,5.626781390856311
9.485512760176334,2.6599466244904537
7.87953962721655,3.146980162354105
0.7415743390484003,15.779535337210639
1.3567458179507272,9.047851506204283
2.6319140590101453,8.255602909956478
2.913376654221629,11.83442419720069
9.434003725988052,1.0263442783773182
0.12348444703810618,11.812126436106663
9.489782872589952,2.323095611770514
7.632983943830495,5.303186840022662
1.4222601497345146,15.196215315941684
0.37391031590620427,10.285029228489499
9.756696264586246,5.545480966899692
2.259171286212273,10.431059803441956
0.7323565131537929,9.913468422550144
5.729253299371337,11.035873870469658
4.3724422321339915,6.6428491413845325
7.281976581252066,5.92307241446917
4.08304380527639,11.716089677136331
8.752298732288184,7.58061452567452
4.7530566079736625,9.712928490055537
2.1762926677632204,13.77475460622893
3.8333666228892413,12.002942268255525
2.006359779557934,12.748118925815373
8.996918034173063,1.6496064708356606
7.179855748297927,9.666795403679183
1.8351315892645035,11.14233696735554
2.1126936192962784,8.924695095624891
4.891163558428377,11.078504935364602
6.162102113609194,5.079034913448661
4.193825985043559,7.977832681241307
1.3772908303381421,15.475268358222147
3.106079979675804,10.062711719898028
0.7996017527881356,15.905282847764536
1.5089083653661526,10.906642308243388
2.7020482923677376,9.141739119651294
3.2436480545635438,8.282392963348927
8.890829531890805,4.762070597647591
3.288185594538148,10.768147364142273
4.339136616178084,6.0171673736219695
2.1881040067832354,8.912078116456396
8.693001862355027,2.971669839825746
6.897019981598229,4.0057376182966475
1.522589043443482,10.593793475862023
6.126623267875369,8.875269188746204
9.592966109782653,1.9620475792991448
2.6157654660484058,8.974159306228573
0.006418049185139241,15.350809153081856
9.934100401173154,6.757733286071929
7.483083373265547,5.44684377455127
1.539030171231477,13.894819938596179
1.6723889808890275,11.769874674665349
6.08837992323428,6.525839837001115
5.588943259729209,7.144348214044182
3.010498849326418,13.462137406918771
4.50442219787564,6.786115392248913
9.372477236714895,0.8901276650942641
8.419342267761687,6.8500331584483565
9.607988293805898,7.265643378518688
0.11330610432212557,11.082795251652897
1.181586698276589,14.557858645369532
2.100528163650904,8.533208952700805
5.4172762220504325,4.599230981032546
7.674328281309775,2.9806265550570465
0.6332101369859121,11.579139650744416
8.544239732128965,6.624790822875787
1.0754822821722907,15.160168699738772
3.1705173141302634,11.68531753452008
9.961917980897258,0.47843220449143453
1.530477091533387,11.982762546221657
6.786900903447743,8.666350791450148
3.3617616092849563,7.912886737307554
5.8686982446613944,5.987408356167078
4.365250111699776,9.672736472197744
9.558694597431806,1.516211053840907
6.642406718742127,8.802153336280117
1.810969463444915,9.668613237357789
6.949437898832505,7.958657890966723
3.9008376609701423,6.694096362602917
9.255308243203741,2.3658364240180734
9.474029007320148,2.6859699309519867
0.021572190233316496,16.68677524360172
5.7022036884493055,6.389271072603947
5.2221715445599335,10.74037524309473
5.846422389187963,8.187677452279313
4.533718872553846,12.285335979530728
5.986939356415749,5.465977744904308
4.963410537231523,7.329913071441845
0.5540937390146143,9.518188259324512
5.1751211468819855,9.877306770646173
8.043767262404394,7.15836024805048
4.636340018531355,5.829800814144132
6.8780069329980265,8.860863265251078
0.7730431038048763,13.256267802047084
4.412610782755153,7.0597674771589105
1.5236129953392186,14.78808812639909
5.994586028131101,4.591194791254904
7.509862149758712,7.133419496039982
1.6653129988876234,10.757037945723118
7.204212775639075,5.537892801964512
4.654726501504608,8.352265224331433
5.251902317953929,11.621521383263998
4.105935303658963,12.172456048874656
4.910158750035862,6.420704871630952
9.804321871208618,5.107962197008832
0.978805768622641,13.537037690448578
6.5679111283125815,4.4508477864148395
9.322246260050074,1.3630449739540325
4.748437295552186,8.105244233112632
1.7699809245839608,11.357697397282125
6.591644929584222,4.632628598362588
9.078181779189551,2.063934079085506
5.988584616428765,7.06541276828108
0.09644310849009895,16.771642169353132
5.3494065737319385,8.378365678118564
4.784298531757635,11.261484640524076
2.7975781971044995,7.430225375288924
8.6747069024798,8.303610521917701
6.278368499820753,8.28256507362837
6.401918637821998,9.355550131153294
4.726397947369293,5.443414649729393
3.515752677622629,9.754053929593475
2.505288619151049,13.720187551583855
2.944850907737817,7.844381225812581
3.0902800567530186,9.404752029987591
5.737545646295033,5.580909651979752
5.852813449869048,9.22673945863231
5.643731558487401,10.962084645534695
4.526996363671873,10.312781482958055
5.764766340296862,4.297016683176343
5.710456195830642,4.829187554001754
9.159827863711458,1.1783706580625015
7.019547771333157,7.514258300165992
0.7422283341045843,12.778142812441573
1.9466357941989012,14.670450243892688
1.1918310889498915,9.940374186631425
2.133926203110417,9.59610217045202
0.3642247635092944,14.013058476098516
3.5461714115071166,11.769609524340174
3.6118411104474157,10.199227995123877
5.7328061212588555,7.497246680325245
8.095227092966972,5.38581077345654
3.0674653956203346,9.00293909614936
5.678312545609918,5.624628114339092
0.6757574149780186,13.548820311415348
1.9999350674737424,11.837165547829123
4.659272631493415,10.155740989344908
6.159849534853723,8.116386515540949
4.819841552975651,7.121712232777348
3.1324118200633673,8.067750517506978
6.990607969215866,8.173358862326626
1.2874470132055045,13.262785625945144
5.27791063139441,5.335852188407269
6.099678116286615,6.729759035946596
0.8022912443513581,15.982147073443539
0.5362332303817674,15.327302338984017
3.448882116430127,7.903904831136654
1.3075158451386801,14.735269915539869
8.159348138122475,6.924280279292205
8.982538295342081,1.6559606074206867
9.374207278562313,3.6369714802724133
0.8469802164980422,14.467521357680603
9.472852975565111,5.970835715007652
9.41771476165761,1.345330913751781
7.517576464840077,5.104282467780301
5.000645924616166,8.071897521717112
9.156618241818999,6.844140551106418
1.0898040382213119,14.922694691567289
5.499036021734337,10.962270504669442
9.27914357687386,5.223048602584779
5.2255485989298665,11.419640817288343
9.648181156556422,7.056699993069406
4.501877777259612,6.258790712454578
4.2061650198965665,6.765143292463414
8.530299814420383,1.9736564256546125
1.3993226084732027,14.895523835399327
4.24059278025592,7.419720933348368
9.702765555061664,5.872726949599558
3.6654281310887837,12.904577886525349
5.105332224137275,11.43871499205323
4.850252408327388,8.785850717966353
6.712998097302982,9.792842269376726
8.742354923667188,1.9797785534013415
2.2217052712785605,14.177278809367806
2.0082853006954635,14.493765541771204
5.269936021514644,5.6800294446458395
1.2045848935017893,11.183045401817806
6.378696647414599,7.506400322934845
7.847471266287681,4.279578571678865
1.4222351449754924,11.257099287583932
7.433700752448322,3.4018272742936118
1.9197642898532012,13.04952825333498
6.5336112845527206,5.1037556708605205
0.5866518601587116,13.699136648157811
5.717400230649742,6.11147814902993
4.150645204466934,8.165970791291386
3.323410523181134,12.905648802562704
3.3520049318071505,8.52449465472729
7.156269052180386,6.153514376688159
1.16982405470721,13.018407874213988
1.2243844827540338,13.396620707440372
1.9287629693827872,9.811064020938572
6.042014734007852,8.061517695851077
7.331611191672217,4.158169652136477
6.1465986313003445,4.947745926425251
3.6988306646441544,6.724614843667414
4.152065709315624,6.8903909920195545
4.315818645431001,6.630077648431728
5.1969374440837335,7.305739155383144
2.6309096080143806,14.159635082785787
7.160002394102482,6.821292734139661
6.919128352478592,7.755459972432454
9.795703605412934,6.351876287109681
6.50919421032841,10.351955881844038
9.166419272831977,1.5120621560712066
1.5816370744319805,9.83417647559042
5.574204091169079,8.598034120743309
9.70132434985273,6.524421028722765
5.122285644695527,10.090341084822363
1.8958297177903203,9.507451554603602
6.321772206162609,6.384062754544788
2.819974389098592,11.484990683792697
3.745431704115119,10.365531600842479
0.36273427765971206,12.561870075557579
3.1263150472165,6.90763307656436
9.707062119156063,5.742818440230041
3.0163454863329395,8.978332486135843
4.106088707514694,12.568861281864487
3.556183258990054,11.68474488670741
5.070379451605898,7.800498863385489
9.077743476453687,1.010915897809065
2.2406910712972268,11.85013744238675
7.3313211031547905,8.944364475446267
7.377546259527888,6.438738742000068
8.022312201674117,5.789330421710871
2.157953781298821,14.345738610832274
3.1430684522873764,8.94123305012229
9.51099914175263,2.191508048403203
3.319230568975674,9.026779364606647
6.1338752989215966,9.694482395352356
3.276749430147862,10.972608911689662
7.300969423111448,3.2781880398320125
6.285378024752088,5.896672877318128
5.994621774379829,5.970597633213769
3.360060113155922,8.683057994170909
4.175115024082773,12.332029341192767
7.868393229741222,4.048157737858471
4.355030393318412,5.961822326817856
8.296846746228296,2.161613423167167
4.5870225393726844,6.2219699724571065
7.072407037856196,9.777449432022351
0.28053384231115064,10.171121112723593
3.8813966614066135,9.303072403061613
6.52397442313064,6.531496438056907
8.305415757283608,6.448798181032645
9.139740810079894,3.2233244302015325
8.580552850554808,2.149034998983014
4.984495272215482,5.11868948998976
2.8659115564964113,13.53209071814145
9.75268609080291,2.0854100803313487
2.495142706612019,9.919680693134925
6.730875581395166,4.151646821435167
0.856744765686167,15.158605237265432
6.020302863755244,6.279850415678205
4.663983212880155,10.992113835128286
0.3313657269766628,11.933673609414042
7.59384017175233,5.2614610057413245
0.7574767550409458,14.886455481318796
8.514900958991849,7.80059144290961
3.8616485343490528,11.859709095842872
4.7132817193797285,7.959294589118718
3.6005106533706965,7.689595766556275
3.7020844809611484,8.42526841697335
1.0910327497480574,13.500265273310056
1.6744836469102167,11.239910711546887
6.353154408143796,3.845922776747667
7.533768647927802,3.5873351281900097
8.257068726624876,4.763259843736696
8.66016849119488,5.952987845121216
0.3942790866190427,14.140619245708255
2.4628485840245093,10.230185483000865
2.5106066381734484,10.758055078227756
0.03996612677719217,16.77163158922718
0.1913914561190991,14.159481127937783
8.650498150933414,3.868377442970108
0.21309409960644232,11.830950467459292
4.740813177888229,5.681760508951927
7.6063847259934825,3.7402418036920073
2.4898197933923543,10.334299852750759
7.841629979647779,3.353184009169026
6.124848402236135,9.799256845192756
6.391169346044869,7.683065362332735
2.403217055729491,13.669498137915975
5.595166784185679,9.169040232200638
6.701221838657579,4.005106486583559
7.8437971871709244,7.032372465758301
0.3543313350420221,13.596645242328986
4.556885699762457,5.974140291021257
6.905779438031129,6.048880919840919
8.816732403639472,1.4535417792312217
4.177939088407217,9.742593717412797
5.6366612264850255,7.014034819743097
8.437791649215047,5.71003961977795
6.283973022120875,8.579006828243722
1.0416544232553868,15.322265217902068
0.6982573988564194,13.541064641851664
7.920871051694926,4.327785288664464
9.22968550087305,5.289767082147314
1.0481282792897242,11.160587239325006
1.1462460351150348,10.815986957717845
5.148359054197219,6.375798821327908
5.813278410889955,10.161390159610013
7.047949693977471,3.9881956814647284
9.184990291591848,1.6122714376999927
5.386685565894755,8.396177660646751
6.94658615845764,8.8066942923682
8.210281081822288,1.8770475710374792
2.2161284651982047,12.132065702829202
0.5895730139981277,15.411053208008402
8.860342754070636,3.203747661136855
1.3790891631498718,8.886816211609986
0.6293178824499603,9.877090465231642
6.931350841759208,6.946149366932673
3.7089894786937956,8.57730235851603
6.030470740200142,4.7054257404293685
0.09070632566655709,11.890821945327675
2.2990150826918865,13.139526478120086
4.913663975643814,12.043380927591553
2.0576818019384775,12.47964117514565
3.1068241859986276,12.897931967593001
5.6165911377456155,7.1703886616591825
8.40645604286586,7.20137113880363
1.561921520072529,8.630465606957765
8.881355119213142,2.2878780000796635
8.70293182549423,4.738273225033475
2.7000002298999917,11.86238183384533
8.318243054707382,3.1457819484365435
5.437377085054469,4.97224360205856
4.113775872069,10.144602094660701
7.636511152390798,8.460282603914322
5.166428988012418,5.344615481393008
4.025560442527946,8.158913287959336
0.6874575417831335,12.102509608552609
7.977146561478867,2.37787822537546
9.406532683424688,3.3667419075413445
1.468526763863507,11.932090832509148
0.933046457116638,11.299242825075961
5.255904254682381,7.532099068346029
6.997318807591083,9.101813302212259
0.47980808420489696,12.745474630011897
8.085964901021288,4.663943995468366
9.81352406834066,2.0031870725809946
4.814232074900865,10.111618581712246
2.7332992034032118,7.64790484904114
6.427119642251174,9.017155729691769
9.97473104056984,2.9893725743516617
6.650310441411605,9.742727238420132
7.326717646266189,5.050330014659707
4.875298269362486,10.484887254763635
9.628509027875657,0.41980853020522185
7.182203480259818,5.860135930306142
1.3522350286966573,11.72157846862943
8.798997217521391,6.573021927173053
5.379794229448606,6.994739009547927
5.873082648621034,10.350801061384807
3.1887277648346375,6.952420325499476
9.045818667542143,5.717645088581037
4.065622350082642,8.264102740179617
2.525900938667866,13.129886139198547
3.8615056937646823,10.798958743773671
3.7939560317478342,8.451718531331762
8.091560388275514,8.550471964644311
6.21604735654751,7.321484610520601
9.375430616757379,5.293952455016033
6.505076626658153,7.53447509561401
5.661698019765894,6.979672228260601
5.1096934727644605,6.1045961377552285
7.049023968306344,5.914879090707641
8.069076534645621,5.1991487568920025
9.35755150946594,1.4952683563998757
0.27268440490300594,10.139139179674457
6.398149080528327,9.845603999409057
2.2096452706113503,8.841731258491834
9.465230724148482,7.097322851496388
9.021709571591964,3.556631072370322
1.3088620791453685,8.847947205808685
4.170736177443665,11.559279511751967
3.044573075102906,9.863943092888498
1.2950316414976857,10.137053638608753
1.0621660632804066,14.740974699116771
0.8544527193937188,15.72077458621405
0.8075868513480549,14.360618176776274
9.16106854700978,7.598692521013844
4.228585082344164,9.945629336272628
0.6292452377404638,13.212045440044701
5.123834401673333,10.419073461574072
6.953231902086399,6.177306952347518
8.780844361633823,3.742284560865072
0.9213402124168207,9.662722712059336
3.9141533203010876,7.046365569409386
2.7873200940205316,7.37390424340191
4.3644895894101605,5.879019224141347
3.1928486952590567,11.767421121243348
5.869671995367927,5.148111264129742
0.11777384700313225,12.813348021534111
0.309766223351891,11.207812555875789
1.1363477329651037,9.237011397522167
7.513364629004108,6.639573181989805
5.0443809841713625,6.005755458400735
4.67192299465618,6.771825889628297
7.490591089324753,4.868079266622573
7.626890178312435,8.002580720329997
5.6942800398124405,4.7561464212006115
7.403225026119616,7.399545982307714
2.960619930201622,12.363913151440002
0.8562820554188231,12.588554362480284
1.717248956258317,13.660783794348097
6.757392918599036,10.000705989253067
1.4766412566750415,11.078688757225127
1.1708698638921047,14.999870773234186
5.039779401551643,10.219534640955299
4.684863319663727,6.963459726007643
7.544176457056038,8.20143428161827
8.538499091558652,1.8339107610802583
2.4904526231953947,11.669485992902928
8.750485148421372,1.5057773367038394
3.6308787694273335,11.119516924615503
2.551296381285728,12.806412158729188
2.177894089125085,12.720198696306507
8.303225002338985,7.850942728229424
6.342208777929217,3.7710822061026295
9.719828418952957,5.664429584017327
7.159345649539789,4.700049018222439
3.1175982317809074,10.803738229830875
9.021030253554365,6.04022511830411
6.748747279060176,5.568040145501751
7.504322706260249,8.57384738725809
7.913736894237086,6.7923269501371255
4.661795128651503,8.06894293313007
0.25857796409220235,16.128277888281293
0.28524670021890086,11.881009703707301
8.899065250260866,5.427050540594559
1.5294303247690135,14.412601101845635
0.460568350613781,13.542290119960139
7.129374017629941,3.225934580184493
5.914127728916879,4.931896490375351
6.5525510940759455,8.243950557244101
4.344391541134989,11.59364766521988
2.009467604351076,8.981599372028114
1.4239740636582707,13.398965813307733
2.638371567848174,11.771139911674766
8.693797258973689,4.940237673767191
6.244495406996765,6.946933603885902
1.9509850305253664,13.973111573462118
5.868868253458261,5.397617349524905
8.511302717580701,3.4383271886196365
7.296532858446603,6.981025137589997
4.246569111780882,10.556624090650889
9.500006034494026,3.3719880838153484
9.42281696154621,5.103931305994568
5.200349158301492,10.22630995544147
8.080826725125782,4.580753427760142
4.967185938359735,7.915417260421042
6.999073216559428,3.543011776418798
6.3187063363063025,5.2620907538488595
9.44324076229756,6.320737827523324
6.271453148511979,10.329789885037881
0.7413683932983408,10.130757813540026
2.1272260032979493,13.876391408737433
6.1976604042348225,7.224792595889186
7.282696699888676,3.4162596109707
8.633181015667505,4.949310497149277
7.269580958289673,5.096249853378971
1.2920635373848621,12.651644824405368
6.351768507589368,4.796528551339738
9.647186392682139,6.895268642835561
9.65360708850078,4.60110509658864
5.852111928236438,4.9759168377998755
4.79880324964872,9.442493917474732
3.214736577660286,6.881295930994439
1.924878003874795,11.341524305497451
7.8471471768295356,8.824432636942246
5.850457223155708,5.358130489191617
3.1647596905344733,10.45618472626198
2.0632147440508968,11.676750851097433
0.1718272301521181,11.736827372704175
2.308007702461721,10.771910535164322
1.1457642213791712,11.35717557540909
1.106503734165091,9.49740831913609
7.583235807456225,8.278082480106184
9.881012016920469,3.0024008092777525
5.822950922675403,10.249780151101898
3.7346920636514676,7.88046275770208
4.805041184654111,5.303451685927678
5.245207280642107,6.364351812566463
8.7814611579525,7.550373786788066
7.5133206861224195,7.169213753861071
3.019866458548127,10.314137479356996
3.3934900824959646,9.007880185136225
3.62153136944148,9.980213703232778
1.1317854081378456,12.922909712359608
7.779445509036142,6.3243200269059745
8.780552963231262,1.5944723678239319
5.187324811032927,10.669548946200484
6.124049150076093,7.3854405430106205
1.0874855747296035,12.733666210692888
0.9508467357783744,14.677283309034504
6.346723267154806,5.606489129651053
9.311211605811838,4.669641844845226
3.522579840883988,7.902878771602109
6.019215449765904,9.346400668665769
3.589710212407912,13.26800119803474
7.047306241856371,5.80316041052411
9.5674659833324,0.452750238232002
0.349551223826162,10.642254656916448
4.568268900193843,8.745966156854017
3.6138659867208727,6.862562974852461
0.9095917137808025,11.673732834881491
7.4284684143338175,9.539712211651887
6.1670876681959435,7.268280376010303
9.558130314993186,5.625881031240726
7.7472050027633275,9.090756657182425
6.476562580493063,9.893624531600539
1.9611422701252499,14.680349960251881
2.500081101872227,12.155510654401551
1.0777094332172887,11.152335283140946
6.661235338593229,9.598048859421475
0.31487047182358735,10.710298808622964
4.492123635447747,6.407891470456554
4.760163915255668,9.888481137789789
3.215075022513454,9.677425957249197
7.487124448986328,5.52779234419678
3.3018021101868165,11.15357705868174
0.7992602382583078,13.652930381610144
2.0839926741469497,12.909283795451373
3.095938606382612,8.17864881630709
4.7934676516928425,5.892639677330125
7.329457878990943,7.602000536645461
0.2042756792727775,12.973211128500498
4.7832588073954625,9.116028090930449
4.5052572153876405,9.348423355814024
8.965777649135799,5.948029884635234
9.234062457420132,5.969165609653362
4.401472200449267,7.321891280646127
8.780827256066491,2.590028529699266
1.573093897176446,14.509428557906181
5.423093224134456,9.696431280754028
0.3903882910570684,9.812682202845663
1.8516380564935584,10.255719905768437
2.218327757609832,9.612943910549532
6.546240959242966,8.476818307254778
1.1689376713693687,10.858095215893886
6.947451791863479,5.5062962759662
6.868845364607193,3.9509609189749884
0.8878929940621915,12.458604324762355
5.437404794110052,5.8754965862726625
9.753610955253846,4.105986592349609
1.4891678082130038,10.558069657038146
7.233897647594788,7.407878406592473
5.911854048170482,10.989239009867296
4.098098447416068,7.803383549575933
9.497487054554341,2.464488436421206
4.731563132522918,5.81179445055769
2.909770593614027,13.124979823862441
9.714004587716097,6.013005268465633
7.5550935964250066,4.181732843949516
2.6939365052375597,13.62921289003519
7.249712177902393,8.958665594301689
8.1441643529509,5.344263266798182
4.474430519911471,7.954989057691454
3.894310966428302,9.176579142810048
3.2783988268255255,13.086482649717428
4.152459142369392,9.486838089068444
7.038937553826904,9.017413047564283
6.612727176141164,8.568669532262259
3.031013199713926,8.302478804181654
1.7113655783132955,10.972481481104495
7.197687978896471,3.958295726889793
6.020472279268754,7.293072642908546
6.372412729515609,7.517353411596204
1.6219613534969421,11.820820615366612
4.489506524598781,6.792039837457866
9.0886461289273,1.102771161330837
2.4323210604942274,13.080481068603973
0.804701343762081,11.351878204024224
3.9765036367149516,8.807581139565508
0.6053997335461734,10.381061814109255
0.15250783664341178,16.355711756900796
0.915335037048821,14.590790306789446
0.35412703615043306,13.427065473748996
5.357113363194495,8.239152813534453
9.656319840905256,0.6297296788041598
2.7852871602064493,10.10224031912877
9.105308015564063,3.8934673783212
3.2740650888202016,11.110958979144836
3.4340596033519293,9.3252158720623
1.61027825841701,14.5036953424585
5.680214766013711,8.455064610952869
1.9714606118932745,11.14952844600063
9.539018646702521,4.876022165814579
3.357325087857388,8.201815629082251
8.518543742597188,3.047981975667517
1.1027688907134314,11.605299468541329
4.071981838044348,10.196810385605765
3.876125703968162,6.297133559745615
3.780099657705505,9.494575117033579
9.62281091651896,5.066690544945487
2.5297586920472592,11.028641547092228
5.539664902289769,10.522319547313918
0.34550975946403106,13.775270682574895
6.031695662533387,10.21541884858674
3.951984864008078,11.443019114264475
1.0529085966612675,9.3260945158022
9.371324834509823,7.2056651448840086
0.9650360883098291,13.954990275286324
1.538074955229324,13.453374558667619
3.1483943663677643,8.841143718900476
4.463637773132694,11.396255076845193
3.225158288478358,12.653638510182265
9.469446388794806,2.3932415116860737
6.64226197039742,8.957098672637258
4.061447169709988,7.967903629369351
8.960894439321603,2.1116711584103824
9.737082122767749,6.7216109699947255
3.3857849401767566,7.682721992654221
0.21656257119483563,13.332849248355927
8.340925405098556,6.259706807395162
4.346858740186353,5.797534942641832
7.590243206306252,4.057485969939243
9.286619181240116,2.648423344440369
1.3903098805017415,10.489987228101914
6.057943255377367,6.8945738625167055
5.326726046601557,7.593611321846515
8.62729918776257,5.407696869439232
1.8457037426552179,9.360842194184617
8.396692801948578,7.984335626506615
6.700532015405779,8.444628804273455
9.79419813095625,1.2898848879288038
1.8271133167531681,11.186062447089956
9.214320143984612,1.198709023786174
7.040535277046694,3.4269671441275813
7.98617940553283,8.442759511532078
5.706805789852752,6.162394028493666
2.692393154252639,11.29515668930958
6.247525806441817,6.549573973440611
4.9449904309578265,8.282122085327705
9.00583116187968,6.176751511907677
8.280715032551647,7.075893666046886
5.139497753393455,5.384398919570344
4.373694973432623,8.254796709855809
7.781725883626166,2.5671395965953794
1.2806511586411147,12.628329839922436
3.076218471257515,9.030292292579347
5.193284148978311,10.55696173513476
8.92430159044981,3.5854496009504206
5.578422009302074,9.497705321499213
5.839318550062914,4.496156657409078
8.438559257948064,6.010857625830709
7.202807940606773,4.4938039360293205
7.547124981754944,7.896914517174216
3.141553039553221,13.082571568893357
9.444772947179171,0.9839631905887275
2.8177758491813147,7.55863554077
3.4083712242376434,11.48359641213224
4.582547420696575,8.825885648321385
5.89019546887965,4.746003001560577
7.470691006561686,4.77413693512698
9.53157376891335,5.461526985429247
7.5508148094828496,6.813978325734723
3.810436461195076,6.45923183018592
4.522679571101309,5.611365090964783
7.281002268055273,5.726040673681832
6.553149164248529,6.694400097319101
8.669326670433342,6.91321496695212
4.067042605477859,9.409050977724194
7.8507467917507885,6.340272142863801
4.215872423740641,10.943477657152734
7.137524832817144,7.217961391561781
5.72459136573721,9.401027060435037
0.19174174295849256,15.387836258873
0.9585722029124648,13.898550687857176
1.9021440049803036,14.31285467574087
6.958637510409301,7.056585878375802
0.043007297614167245,15.6573437364346
6.759681740499466,7.607303665457712
6.163531145242779,4.253775320740621
5.013567613305549,7.895534212497603
7.856622288912841,5.7668259252476
3.667419395471263,8.593115482217353
1.4805850361971686,12.389598947656538
1.8394956450524673,13.56901440895264
9.741625709385964,6.160281189517541
6.978777973849871,5.085989733314584
8.654321711341602,7.589557321848583
1.573239860884661,10.6897842458768
5.860761542291022,7.765413455596893
9.150405248313026,5.001215686362761
7.596848980581078,5.833844931580872
5.389685886180796,10.727110965829358
8.585012810392673,8.390798390627502
1.4247239039920698,8.656782007886823
5.740796422145049,4.931888775378147
5.856153562535548,9.98904902792627
7.972688829762204,2.215092527418186
6.247262126930476,3.9158371860754997
1.3606023067181505,13.539675362697261
9.800808038447942,1.7197679428178378
2.6600896167531567,12.838829002563926
3.5033178806475824,11.935565281314869
7.522790259811685,9.164288393587615
7.256920743268402,6.210988323444156
7.354552738294597,9.394351784766531
1.2532630783601197,9.779616506878119
7.213669779243748,7.029636381452086
8.271560314551976,3.045997479860658
7.78656898028326,4.717929562101234
3.3041189398488253,8.667891195651613
4.206157681612636,9.046737425677778
1.5207075880813048,11.754465771285737
8.704855324657055,1.3084106144905194
8.914705944014433,5.584277669835165
2.1758098274769235,10.69598731240948
0.8789616546761609,9.941305863959881
1.9879670074906752,13.46576044771879
2.9920177480633603,13.933689658926092
5.051609981544773,8.744838403406517
3.916450657978939,10.244207959047626
2.0392320150665193,11.408245485507473
6.7572686965313835,9.21454074464298
9.64021073766909,5.729632654456919
3.4794285755560184,11.659273761160014
2.275833243397533,13.942474292762538
3.755193913468213,10.7249722096926
7.329081394360603,5.481998962840375
1.47602658645041,11.004516694942481
4.400538636689622,7.286125189723883
2.1508775638537596,8.522842810556227
2.161319253100369,9.979849749111875
7.5730279952350195,8.191964231064297
1.114036387277866,15.33858317655039
4.796703949255824,12.010072644212872
5.898676340466029,10.2225229170681
5.717176516446255,9.83229262669558
8.800316668376299,6.301552939190974
2.746847422135871,13.491525442247008
6.0527043817719415,10.511111283380714
0.9113578947009614,15.87074504741276
6.906173963576599,7.862357162460691
7.924081116448952,2.529110031389638
2.7811824671657237,8.916704628948356
6.219389577324826,9.636920654635425
6.227979867756657,5.029474942311469
4.371346947176641,6.457874720591868
9.312027644458663,1.034261139016833
0.7793093054175482,13.373047379997436
0.05774992697425303,15.913860390288265
1.4629980713693729,13.523027383961278
3.7624021189080037,9.330944788563219
5.792655695273629,6.316299677621393
5.012763144081697,5.600837420943849
3.9409964744360613,8.602020617889693
0.8263884201815104,14.253858413242549
2.680894935543257,9.086580266504313
1.0765237940296521,9.370000185491982
0.6510147323615662,11.28788096734467
8.075021894486923,2.783232490133643
9.020444137331635,6.428986328058315
1.2535197735410248,13.161213026232602
6.20308059945131,6.088822773284591
0.4272951967453015,12.926640223143265
6.924270677948096,7.051529168530316
8.369373002920684,2.6900492535034806
2.1229100130510834,12.934255846396601
8.353065067063707,6.766697108980322
5.861620636659826,8.03423666797597
2.6384040324358677,12.89757920410953
2.010815878907847,12.518821769110822
8.139294947177119,7.422262752608009
1.3127150300979178,9.424380239294383
7.300124028258295,5.210266667843392
7.884728860925837,6.632763771952086
9.999136229544272,5.593333952228997
5.793568517984895,4.292323350764593
3.512068540716911,8.144423702898694
1.1463759452766307,12.932564932604269
1.6276956405845917,10.169193682147453
7.85207458321503,8.359749616103278
5.653415511169611,6.035888847372991
5.25180726683037,10.96708990719306
1.8825621499076617,11.526281921415531
8.799450375414146,8.194777817669356
8.52799698162547,3.2543596030692385
6.4836656144083,9.78374539873945
8.283840099046085,7.588694430977281
7.371112500495177,8.925560863866211
4.0436129129469665,10.196278061959273
4.557536289748385,10.601304165501372
4.405307233021008,9.802391620797252
4.089527238899126,10.757446279863899
2.2667812373225895,12.742953202267213
7.34031009099002,4.102381754038676
5.507055657492726,5.745402365433128
1.8606242565284052,8.461247296526423
4.244469995038434,11.997341826730725
5.7591957776535345,10.787033657902128
0.8784252294361278,14.786050738858629
2.465912118843843,12.89696410583488
0.9653481563048147,15.191478738859283
1.2699698193664393,11.616691325713411
4.4351260639042085,9.12588689637943
4.618589632504625,7.930217863529315
4.0059149061004895,10.920235663899103
8.528640753661094,6.156465327229881
3.6378917200010625,9.670567167150494
5.205496259155115,7.685952192336698
4.770215636092082,11.85682159713059
3.6471240292936926,9.389018288142415
2.2216936941132253,8.971565917212446
5.689250586213924,6.651796902158328
8.953658014697597,2.6350296263587865
8.510314920952977,6.071656900654094
6.4431131647952355,7.589252511098479
4.150744740313001,11.195474381294932
7.616087607186537,7.375910429041036
3.524048042828311,12.104487139290544
8.231152015521952,5.072195234340782
8.119829918390414,5.861880760608181
7.326481201456022,8.535561117782816
1.2361562967095732,10.40970003873223
5.068793435586509,9.008935346472397
4.7051123531270544,5.596107795178179
8.045739043847906,7.763746324650025
3.779988752584236,9.73115242738013
3.123652379219622,8.174972886066854
7.444447696259541,8.856052910390604
0.32472181623772794,13.004363294742722
4.826294718377125,5.662612607616323
5.762009033079001,5.889263296921147
9.856090703959781,3.8940230041197403
9.820072628762649,0.23329036989181626
8.363287249625857,5.2748902451554445
7.776547735138277,6.870247069162682
6.383427934010611,7.994723504813703
0.2656047012859767,12.425461995082252
5.184821871013377,11.29240593320148
9.224147666111385,7.397311048852968
3.7193887234025436,12.989297863025788
0.566823350620313,13.706574807788996
4.668232105443043,10.116158578987696
5.841043364762014,9.168654084958831
3.3531931000877835,11.693770650306563
8.559854722800289,5.945757622940487
6.847558045958328,9.856112201034758
4.119890217220685,6.384171978336716
7.858566773183692,2.3453968896132724
7.995242909413646,8.04139646013305
1.1506923249351402,9.532403832629962
8.900034749314083,3.2481135872388593
5.874671903508889,9.3150830254401
0.9090335942951959,14.976816241491644
4.78982647994174,5.781755340731208
4.121954591241057,9.638032812431565
4.7420816170782825,7.033251311096199
9.182659058308296,5.967561003176359
8.457769451823271,6.924857584132738
